Route_name,Route_link
Vijayawada to Hyderabad,https://www.redbus.in/bus-tickets/vijayawada-to-hyderabad
Hyderabad to Vijayawada,https://www.redbus.in/bus-tickets/hyderabad-to-vijayawada
Kakinada to Visakhapatnam,https://www.redbus.in/bus-tickets/kakinada-to-visakhapatnam
Visakhapatnam to Kakinada,https://www.redbus.in/bus-tickets/visakhapatnam-to-kakinada
Chittoor (Andhra Pradesh) to Bangalore,https://www.redbus.in/bus-tickets/chittoor-andhra-pradesh-to-bangalore
Kadapa to Bangalore,https://www.redbus.in/bus-tickets/kadapa-to-bangalore
Anantapur (andhra pradesh) to Bangalore,https://www.redbus.in/bus-tickets/ananthapur-to-bangalore
Tirupati to Bangalore,https://www.redbus.in/bus-tickets/tirupathi-to-bangalore
Visakhapatnam to Vijayawada,https://www.redbus.in/bus-tickets/visakhapatnam-to-vijayawada
Ongole to Hyderabad,https://www.redbus.in/bus-tickets/ongole-to-hyderabad
Bangalore to Tirupati,https://www.redbus.in/bus-tickets/bangalore-to-tirupathi
Macherla (andhra pradesh) to Hyderabad,https://www.redbus.in/bus-tickets/macherla-to-hyderabad
Rajahmundry to Visakhapatnam,https://www.redbus.in/bus-tickets/rajahmundry-to-visakhapatnam
Nandyal to Hyderabad,https://www.redbus.in/bus-tickets/nandyala-to-hyderabad
Bangalore to Kadapa,https://www.redbus.in/bus-tickets/bangalore-to-kadapa
Hyderabad to Ongole,https://www.redbus.in/bus-tickets/hyderabad-to-ongole
Guntur (Andhra Pradesh) to Hyderabad,https://www.redbus.in/bus-tickets/guntur-to-hyderabad
Vijayawada to Visakhapatnam,https://www.redbus.in/bus-tickets/vijayawada-to-visakhapatnam
Rajahmundry to Vijayawada,https://www.redbus.in/bus-tickets/rajahmundry-to-vijayawada
Hyderabad to Kurnool,https://www.redbus.in/bus-tickets/hyderabad-to-kurnool
Bangalore to Chittoor (Andhra Pradesh),https://www.redbus.in/bus-tickets/bangalore-to-chittoor-andhra-pradesh
Kurnool to Hyderabad,https://www.redbus.in/bus-tickets/kurnool-to-hyderabad
Visakhapatnam to Rajahmundry,https://www.redbus.in/bus-tickets/visakhapatnam-to-rajahmundry
Rayachoti to Bangalore,https://www.redbus.in/bus-tickets/rayachoti-to-bangalore
Vinukonda to Hyderabad,https://www.redbus.in/bus-tickets/vinukonda-to-hyderabad
Bangalore to Anantapur (andhra pradesh),https://www.redbus.in/bus-tickets/bangalore-to-ananthapur
Amalapuram to Visakhapatnam,https://www.redbus.in/bus-tickets/amalapuram-to-visakhapatnam
Vijayawada to Tirupati,https://www.redbus.in/bus-tickets/vijayawada-to-tirupathi
Madanapalli to Bangalore,https://www.redbus.in/bus-tickets/madanapalli-to-bangalore
Narasaraopet to Hyderabad,https://www.redbus.in/bus-tickets/narsaraopet-to-hyderabad
Eluru to Hyderabad,https://www.redbus.in/bus-tickets/eluru-to-hyderabad
Visakhapatnam to Amalapuram,https://www.redbus.in/bus-tickets/visakhapatnam-to-amalapuram
Kadiri to Bangalore,https://www.redbus.in/bus-tickets/kadiri-to-bangalore
Chennai to Tirupati,https://www.redbus.in/bus-tickets/chennai-to-tirupathi
Rajahmundry to Hyderabad,https://www.redbus.in/bus-tickets/rajahmundry-to-hyderabad
Kurnool to Vijayawada,https://www.redbus.in/bus-tickets/kurnool-to-vijayawada
Vijayawada to Kurnool,https://www.redbus.in/bus-tickets/vijayawada-to-kurnool
Kakinada to Vijayawada,https://www.redbus.in/bus-tickets/kakinada-to-vijayawada
Bangalore to Madanapalli,https://www.redbus.in/bus-tickets/bangalore-to-madanapalli
Nellore to Bangalore,https://www.redbus.in/bus-tickets/nellore-to-bangalore
Hyderabad to Narasaraopet,https://www.redbus.in/bus-tickets/hyderabad-to-narsaraopet
Hyderabad to Guntur (Andhra Pradesh),https://www.redbus.in/bus-tickets/hyderabad-to-guntur
Bangalore to Kadiri,https://www.redbus.in/bus-tickets/bangalore-to-kadiri
Vijayawada to Rajahmundry,https://www.redbus.in/bus-tickets/vijayawada-to-rajahmundry
Bangalore to Rayachoti,https://www.redbus.in/bus-tickets/bangalore-to-rayachoti
Kurnool to Bangalore,https://www.redbus.in/bus-tickets/kurnool-to-bangalore
Tirupati to Chennai,https://www.redbus.in/bus-tickets/tirupathi-to-chennai
Hyderabad to Anantapur (andhra pradesh),https://www.redbus.in/bus-tickets/hyderabad-to-ananthapur
Anantapur (andhra pradesh) to Hyderabad,https://www.redbus.in/bus-tickets/ananthapur-to-hyderabad
Bangalore to Kozhikode,https://www.redbus.in/bus-tickets/bangalore-to-kozhikode
Kozhikode to Ernakulam,https://www.redbus.in/bus-tickets/kozhikode-to-ernakulam
Kozhikode to Bangalore,https://www.redbus.in/bus-tickets/kozhikode-to-bangalore
Ernakulam to Kozhikode,https://www.redbus.in/bus-tickets/ernakulam-to-kozhikode
Kozhikode to Mysore,https://www.redbus.in/bus-tickets/kozhikode-to-mysore
Kozhikode to Thiruvananthapuram,https://www.redbus.in/bus-tickets/kozhikode-to-thiruvananthapuram
Bangalore to Kalpetta (kerala),https://www.redbus.in/bus-tickets/bangalore-to-kalpetta
Mysore to Kozhikode,https://www.redbus.in/bus-tickets/mysore-to-kozhikode
Kalpetta (kerala) to Bangalore,https://www.redbus.in/bus-tickets/kalpetta-to-bangalore
Kozhikode to Thrissur,https://www.redbus.in/bus-tickets/kozhikode-to-thrissur
Thiruvananthapuram to Kozhikode,https://www.redbus.in/bus-tickets/thiruvananthapuram-to-kozhikode
Bangalore to Kannur,https://www.redbus.in/bus-tickets/bangalore-to-kannur
Kozhikode to Kottayam,https://www.redbus.in/bus-tickets/kozhikode-to-kottayam
Kannur to Bangalore,https://www.redbus.in/bus-tickets/kannur-to-bangalore
Kottayam to Kozhikode,https://www.redbus.in/bus-tickets/kottayam-to-kozhikode
Thrissur to Kozhikode,https://www.redbus.in/bus-tickets/thrissur-to-kozhikode
Kozhikode to Kalpetta (kerala),https://www.redbus.in/bus-tickets/kozhikode-to-kalpetta
Coimbatore to Ooty,https://www.redbus.in/bus-tickets/coimbatore-to-ooty
Kalpetta (kerala) to Kozhikode,https://www.redbus.in/bus-tickets/kalpetta-to-kozhikode
Kolkata to Digha,https://www.redbus.in/bus-tickets/kolkata-to-digha
Digha to Kolkata,https://www.redbus.in/bus-tickets/digha-to-kolkata
Mandarmani to Kolkata,https://www.redbus.in/bus-tickets/mandarmani-to-kolkata
Kolkata to Mandarmani,https://www.redbus.in/bus-tickets/kolkata-to-mandarmani
Kolkata to Bakkhali,https://www.redbus.in/bus-tickets/kolkata-to-bakkhali
Burdwan to Kolkata,https://www.redbus.in/bus-tickets/burdwan-to-kolkata
Kolkata to Burdwan,https://www.redbus.in/bus-tickets/kolkata-to-burdwan
Durgapur (West Bengal) to Kolkata,https://www.redbus.in/bus-tickets/durgapur-to-kolkata
Kolkata to Haldia,https://www.redbus.in/bus-tickets/kolkata-to-haldia
Haldia to Kolkata,https://www.redbus.in/bus-tickets/haldia-to-kolkata
Kolkata to Durgapur (West Bengal),https://www.redbus.in/bus-tickets/kolkata-to-durgapur
Kolkata to Arambagh (West Bengal),https://www.redbus.in/bus-tickets/kolkata-to-arambagh-west-bengal
Digha to Kolkata,https://www.redbus.in/bus-tickets/digha-to-kolkata
Kolkata to Digha,https://www.redbus.in/bus-tickets/kolkata-to-digha
Kolkata to Bankura,https://www.redbus.in/bus-tickets/kolkata-to-bankura
Asansol (West Bengal) to Kolkata,https://www.redbus.in/bus-tickets/asansol-to-kolkata
Midnapore to Kolkata,https://www.redbus.in/bus-tickets/midnapore-to-kolkata
Kolkata to Asansol (West Bengal),https://www.redbus.in/bus-tickets/kolkata-to-asansol
Kolkata to Siliguri,https://www.redbus.in/bus-tickets/kolkata-to-siliguri
Kolkata to Nimtouri,https://www.redbus.in/bus-tickets/kolkata-to-nimtouri
Siliguri to Kolkata,https://www.redbus.in/bus-tickets/siliguri-to-kolkata
Kolkata to Contai (Kanthi),https://www.redbus.in/bus-tickets/kolkata-to-contai-kanthi
Digha to Durgapur (West Bengal),https://www.redbus.in/bus-tickets/digha-to-durgapur
Kolkata to Midnapore,https://www.redbus.in/bus-tickets/kolkata-to-midnapore
Kolkata to Nandakumar (west bengal),https://www.redbus.in/bus-tickets/kolkata-to-nandakumar
Kolkata to Mecheda (West Bengal),https://www.redbus.in/bus-tickets/kolkata-to-mecheda-west-bengal
Durgapur (West Bengal) to Digha,https://www.redbus.in/bus-tickets/durgapur-to-digha
Kolkata to Kolaghat,https://www.redbus.in/bus-tickets/kolkata-to-kolaghat
Jhargram to Kolkata,https://www.redbus.in/bus-tickets/jhargram-to-kolkata
Digha to Barasat (West Bengal),https://www.redbus.in/bus-tickets/digha-to-barasat-west-bengal
Durgapur (West Bengal) to Siliguri,https://www.redbus.in/bus-tickets/durgapur-to-siliguri
Midnapore to Barasat (West Bengal),https://www.redbus.in/bus-tickets/midnapore-to-barasat-west-bengal
Kolkata to Heria,https://www.redbus.in/bus-tickets/kolkata-to-heria
Kolkata to Chandipur (West Bengal),https://www.redbus.in/bus-tickets/kolkata-to-chandipur-west-bengal
Siliguri to Durgapur (West Bengal),https://www.redbus.in/bus-tickets/siliguri-to-durgapur
Berhampore (West Bengal) to Durgapur (West Bengal),https://www.redbus.in/bus-tickets/berhampore-to-durgapur
Berhampore (West Bengal) to Suri,https://www.redbus.in/bus-tickets/berhampore-to-suri
Barasat (West Bengal) to Digha,https://www.redbus.in/bus-tickets/barasat-west-bengal-to-digha
Kolkata to Futishanko,https://www.redbus.in/bus-tickets/kolkata-to-futishanko
Barasat (West Bengal) to Midnapore,https://www.redbus.in/bus-tickets/barasat-west-bengal-to-midnapore
Durgapur (West Bengal) to Berhampore (West Bengal),https://www.redbus.in/bus-tickets/durgapur-to-berhampore
Durgapur (West Bengal) to Malda,https://www.redbus.in/bus-tickets/durgapur-to-malda
Digha to Asansol (West Bengal),https://www.redbus.in/bus-tickets/digha-to-asansol
Kolkata to Ramnagar (West Bengal),https://www.redbus.in/bus-tickets/kolkata-to-ramnagar-west-bengal
Kolkata to Bajkul (West Bengal),https://www.redbus.in/bus-tickets/kolkata-to-bajkul-west-bengal
Kolkata to Kirnahar (West Bengal),https://www.redbus.in/bus-tickets/kolkata-to-kirnahar-west-bengal
Durgapur (West Bengal) to Bankura,https://www.redbus.in/bus-tickets/durgapur-to-bankura
Siliguri to Malda,https://www.redbus.in/bus-tickets/siliguri-to-malda
Kolkata to Suri,https://www.redbus.in/bus-tickets/kolkata-to-suri
Purulia to Durgapur (West Bengal),https://www.redbus.in/bus-tickets/purulia-to-durgapur
Khammam to Hyderabad,https://www.redbus.in/bus-tickets/khammam-to-hyderabad
Hyderabad to Vijayawada,https://www.redbus.in/bus-tickets/hyderabad-to-vijayawada
Hyderabad to Khammam,https://www.redbus.in/bus-tickets/hyderabad-to-khammam
Hyderabad to Srisailam,https://www.redbus.in/bus-tickets/hyderabad-to-srisailam
Karimnagar to Hyderabad,https://www.redbus.in/bus-tickets/karimnagar-to-hyderabad
Hyderabad to Nirmal,https://www.redbus.in/bus-tickets/hyderabad-to-nirmal
Hyderabad to Mancherial,https://www.redbus.in/bus-tickets/hyderabad-to-mancherial
Hyderabad to Adilabad,https://www.redbus.in/bus-tickets/hyderabad-to-adilabad
Hyderabad to Karimnagar,https://www.redbus.in/bus-tickets/hyderabad-to-karimnagar
Kothagudem to Hyderabad,https://www.redbus.in/bus-tickets/kothagudem-to-hyderabad
Guntur (Andhra Pradesh) to Hyderabad,https://www.redbus.in/bus-tickets/guntur-to-hyderabad
Godavarikhani to Hyderabad,https://www.redbus.in/bus-tickets/godavarikhani-to-hyderabad
Kodad to Hyderabad,https://www.redbus.in/bus-tickets/kodad-to-hyderabad
Hyderabad to Bhadrachalam,https://www.redbus.in/bus-tickets/hyderabad-to-bhadrachalam
Hyderabad to Kothagudem,https://www.redbus.in/bus-tickets/hyderabad-to-kothagudem
Jagityal to Hyderabad,https://www.redbus.in/bus-tickets/jagityal-to-hyderabad
Hyderabad to Kurnool,https://www.redbus.in/bus-tickets/hyderabad-to-kurnool
Hyderabad to Sathupally,https://www.redbus.in/bus-tickets/hyderabad-to-sathupalli
Hyderabad to Armoor,https://www.redbus.in/bus-tickets/hyderabad-to-armoor
Hyderabad to Godavarikhani,https://www.redbus.in/bus-tickets/hyderabad-to-godavarikhani
Hyderabad to Anantapur (andhra pradesh),https://www.redbus.in/bus-tickets/hyderabad-to-ananthapur
Hyderabad to Warangal,https://www.redbus.in/bus-tickets/hyderabad-to-warangal
Hyderabad to Ongole,https://www.redbus.in/bus-tickets/hyderabad-to-ongole
Hyderabad to Guntur (Andhra Pradesh),https://www.redbus.in/bus-tickets/hyderabad-to-guntur
Kadapa to Hyderabad,https://www.redbus.in/bus-tickets/kadapa-to-hyderabad
Hyderabad to Tirupati,https://www.redbus.in/bus-tickets/hyderabad-to-tirupathi
